{
  "project_info": {
    "project_number": "604246185728",
    "firebase_url": "https://posprojektmulatschak.firebaseio.com",
    "project_id": "posprojektmulatschak",
    "storage_bucket": "posprojektmulatschak.appspot.com"
  },
  "client": [
    {
      "client_info": {
        "mobilesdk_app_id": "1:604246185728:android:3a5ef7d107836f51e1c5e5",
        "android_client_info": {
          "package_name": "com.example.posprojekt_mulatschak"
        }
      },
      "oauth_client": [
        {
          "client_id": "604246185728-oirkn1ub08f5s6h5c0uvt1fvmdpr22au.apps.googleusercontent.com",
          "client_type": 1,
          "android_info": {
            "package_name": "com.example.posprojekt_mulatschak",
            "certificate_hash": "8ceba8a46e771ec180091393a25247bb5aaadff7"
          }
        },
        {
          "client_id": "604246185728-ufmj9dg397lvfkl9tsflu9pnpco6k389.apps.googleusercontent.com",
          "client_type": 3
        }
      ],
      "api_key": [
        {
          "current_key": "AIzaSyBO3_nWQL1GHWK0ynmPRVL0fFuUbiM153o"
        }
      ],
      "services": {
        "appinvite_service": {
          "other_platform_oauth_client": [
            {
              "client_id": "604246185728-ufmj9dg397lvfkl9tsflu9pnpco6k389.apps.googleusercontent.com",
              "client_type": 3
            }
          ]
        }
      }
    }
  ],
  "configuration_version": "1"
}